User,Tweet
tankut_aslantas,Bu yÄ±l 6.sÄ±nÄ± dÃ¼zenlediÄŸimiz BeeJet HÄ±zlandÄ±rÄ±cÄ± ProgramÄ±mÄ±zda giriÅŸimci adaylarÄ± eÄŸitim ve giriÅŸim mentorluÄŸu ile birlikte @TUSAS_TR  ve @HAVELSANResmi tarafÄ±ndan verilecek dikey mentorluk desteÄŸine de sahip olacaklar. https://t.co/lBrjEh7WBg
SametCanKusmez,"RT @HAVELSANResmi: BARKAN; Savunma, HavacÄ±lÄ±k ve Uzay Sanayi FuarÄ± SAHA EXPO'ya geliyor. ğŸ”¥

BARKAN is coming to SAHA EXPO Defence &amp; Aerospaâ€¦"
PazarVan,"RT @HAVELSANResmi: BARKAN; Savunma, HavacÄ±lÄ±k ve Uzay Sanayi FuarÄ± SAHA EXPO'ya geliyor. ğŸ”¥

BARKAN is coming to SAHA EXPO Defence &amp; Aerospaâ€¦"
EBRUKAR44495266,RT @Tubitak: Kendi imkanlarÄ±yla hazÄ±rladÄ±klarÄ± araÃ§ ile finalistliÄŸe yÃ¼kselen genÃ§lerimize ve onlara desteklerini esirgemeyen danÄ±ÅŸman Ã¶ÄŸreâ€¦
EBRUKAR44495266,"RT @Tubitak: #TEKNOFESTKARADENÄ°Z kapsamÄ±nda 5âƒ£ gÃ¼n sÃ¼ren Robotaksi - Binek Otonom AraÃ§ YarÄ±ÅŸmasÄ±, bugÃ¼n tamamlandÄ±.ğŸš—

Bu heyecana ortak olaâ€¦"
Furkanklc54,"RT @gooksel: TÃ¼rk torpidolarÄ± milli teknolojiye emanet:
â€¢ @HAVELSANResmi'nin Torpido Test Seti, torpido ve kovan testleri iÃ§in geliÅŸtirildiâ€¦"
AliBal28606659,"RT @HAVELSANResmi: BARKAN; Savunma, HavacÄ±lÄ±k ve Uzay Sanayi FuarÄ± SAHA EXPO'ya geliyor. ğŸ”¥

BARKAN is coming to SAHA EXPO Defence &amp; Aerospaâ€¦"
nk34_,"RT @GlobalSavunma: @SahaExpo BasÄ±n Sponsoru olarak biz de SAHA da yerimizi aldÄ±k. GeleceÄŸi okumak iÃ§in bekleriz.
@IsmailDemirSSB @tenmakbasâ€¦"
BoranKaplan6,"RT @HAVELSANResmi: BARKAN; Savunma, HavacÄ±lÄ±k ve Uzay Sanayi FuarÄ± SAHA EXPO'ya geliyor. ğŸ”¥

BARKAN is coming to SAHA EXPO Defence &amp; Aerospaâ€¦"
BThaberAnkara,"RT @HAVELSANResmi: BARKAN; Savunma, HavacÄ±lÄ±k ve Uzay Sanayi FuarÄ± SAHA EXPO'ya geliyor. ğŸ”¥

BARKAN is coming to SAHA EXPO Defence &amp; Aerospaâ€¦"
TRABZONOFLU3,"RT @HAVELSANResmi: BARKAN; Savunma, HavacÄ±lÄ±k ve Uzay Sanayi FuarÄ± SAHA EXPO'ya geliyor. ğŸ”¥

BARKAN is coming to SAHA EXPO Defence &amp; Aerospaâ€¦"
HakanKl57963737,"RT @HAVELSANResmi: BARKAN; Savunma, HavacÄ±lÄ±k ve Uzay Sanayi FuarÄ± SAHA EXPO'ya geliyor. ğŸ”¥

BARKAN is coming to SAHA EXPO Defence &amp; Aerospaâ€¦"
CahitYAMAN9,"RT @HAVELSANResmi: BARKAN; Savunma, HavacÄ±lÄ±k ve Uzay Sanayi FuarÄ± SAHA EXPO'ya geliyor. ğŸ”¥

BARKAN is coming to SAHA EXPO Defence &amp; Aerospaâ€¦"
nazlim_666,"RT @HAVELSANResmi: BARKAN; Savunma, HavacÄ±lÄ±k ve Uzay Sanayi FuarÄ± SAHA EXPO'ya geliyor. ğŸ”¥

BARKAN is coming to SAHA EXPO Defence &amp; Aerospaâ€¦"
burakgayretli75,"RT @HAVELSANResmi: MillÃ® egemenliÄŸimizin sembolÃ¼ Ankara'nÄ±n, Cumhuriyetimizin baÅŸkenti olarak ilan ediliÅŸinin 99'uncu yÄ±lÄ± kutlu olsun. ğŸ‡¹ğŸ‡·â€¦"
ozcelikonr,"RT @HAVELSANResmi: BARKAN; Savunma, HavacÄ±lÄ±k ve Uzay Sanayi FuarÄ± SAHA EXPO'ya geliyor. ğŸ”¥

BARKAN is coming to SAHA EXPO Defence &amp; Aerospaâ€¦"
Mutlu036,RT @ismailumut: Savunma HattÄ±â€™nda bu hafta Savunma Sanayiiâ€™nin gÃ¶zde kurumlarÄ±ndan @HAVELSANResmi ekranlarÄ±nÄ±za taÅŸÄ±yoruz. Savunma HattÄ± Cuâ€¦
TEBERKadir,RT @ismailumut: Savunma HattÄ±â€™nda bu hafta Savunma Sanayiiâ€™nin gÃ¶zde kurumlarÄ±ndan @HAVELSANResmi ekranlarÄ±nÄ±za taÅŸÄ±yoruz. Savunma HattÄ± Cuâ€¦
ismailumut,Savunma HattÄ±â€™nda bu hafta Savunma Sanayiiâ€™nin gÃ¶zde kurumlarÄ±ndan @HAVELSANResmi ekranlarÄ±nÄ±za taÅŸÄ±yoruz. Savunma HattÄ± Cumartesi akÅŸamÄ± saat 21:00 de @tvnet ekranlarÄ±ndaâ€¦ https://t.co/W6mMaQT2kL
recai_oner,"RT @HAVELSANResmi: BARKAN; Savunma, HavacÄ±lÄ±k ve Uzay Sanayi FuarÄ± SAHA EXPO'ya geliyor. ğŸ”¥

BARKAN is coming to SAHA EXPO Defence &amp; Aerospaâ€¦"
KimBilirW,"RT @HAVELSANResmi: BARKAN; Savunma, HavacÄ±lÄ±k ve Uzay Sanayi FuarÄ± SAHA EXPO'ya geliyor. ğŸ”¥

BARKAN is coming to SAHA EXPO Defence &amp; Aerospaâ€¦"
alivelideli321,"RT @HAVELSANResmi: BARKAN; Savunma, HavacÄ±lÄ±k ve Uzay Sanayi FuarÄ± SAHA EXPO'ya geliyor. ğŸ”¥

BARKAN is coming to SAHA EXPO Defence &amp; Aerospaâ€¦"
mustafaturker72,"RT @HAVELSANResmi: BARKAN; Savunma, HavacÄ±lÄ±k ve Uzay Sanayi FuarÄ± SAHA EXPO'ya geliyor. ğŸ”¥

BARKAN is coming to SAHA EXPO Defence &amp; Aerospaâ€¦"
m_ozsoy60,"RT @HAVELSANResmi: BARKAN; Savunma, HavacÄ±lÄ±k ve Uzay Sanayi FuarÄ± SAHA EXPO'ya geliyor. ğŸ”¥

BARKAN is coming to SAHA EXPO Defence &amp; Aerospaâ€¦"
Bozok6684,@HAVELSANResmi Normal vatandaÅŸ girebiliyormu fuara
kaddog2010,"RT @HAVELSANResmi: BARKAN; Savunma, HavacÄ±lÄ±k ve Uzay Sanayi FuarÄ± SAHA EXPO'ya geliyor. ğŸ”¥

BARKAN is coming to SAHA EXPO Defence &amp; Aerospaâ€¦"
KdirKhrmn,"RT @HAVELSANResmi: BARKAN; Savunma, HavacÄ±lÄ±k ve Uzay Sanayi FuarÄ± SAHA EXPO'ya geliyor. ğŸ”¥

BARKAN is coming to SAHA EXPO Defence &amp; Aerospaâ€¦"
Glcan73683853,"RT @HAVELSANResmi: BARKAN; Savunma, HavacÄ±lÄ±k ve Uzay Sanayi FuarÄ± SAHA EXPO'ya geliyor. ğŸ”¥

BARKAN is coming to SAHA EXPO Defence &amp; Aerospaâ€¦"
burakgayretli75,"RT @HAVELSANResmi: BARKAN; Savunma, HavacÄ±lÄ±k ve Uzay Sanayi FuarÄ± SAHA EXPO'ya geliyor. ğŸ”¥

BARKAN is coming to SAHA EXPO Defence &amp; Aerospaâ€¦"
manacar1,"RT @HAVELSANResmi: BARKAN; Savunma, HavacÄ±lÄ±k ve Uzay Sanayi FuarÄ± SAHA EXPO'ya geliyor. ğŸ”¥

BARKAN is coming to SAHA EXPO Defence &amp; Aerospaâ€¦"
kemken76,"RT @HAVELSANResmi: BARKAN; Savunma, HavacÄ±lÄ±k ve Uzay Sanayi FuarÄ± SAHA EXPO'ya geliyor. ğŸ”¥

BARKAN is coming to SAHA EXPO Defence &amp; Aerospaâ€¦"
OrkunKt,@HAVELSANResmi ğŸ‡¹ğŸ‡·ğŸ§¿ğŸ‘ğŸ»
ufurukcu_bist,"RT @insidetradingg: Hatta 
Elon musk'Ä± takip eder, @Selcuk  takip etmez
Tesla'yÄ± takip eder ama baksan @Togg2022 hesabÄ±na girmemiÅŸtir bileâ€¦"
kuzucaa,"RT @insidetradingg: Hatta 
Elon musk'Ä± takip eder, @Selcuk  takip etmez
Tesla'yÄ± takip eder ama baksan @Togg2022 hesabÄ±na girmemiÅŸtir bileâ€¦"
AK_Yolcu53,"RT @insidetradingg: Hatta 
Elon musk'Ä± takip eder, @Selcuk  takip etmez
Tesla'yÄ± takip eder ama baksan @Togg2022 hesabÄ±na girmemiÅŸtir bileâ€¦"
Mustafa198958,"RT @insidetradingg: Hatta 
Elon musk'Ä± takip eder, @Selcuk  takip etmez
Tesla'yÄ± takip eder ama baksan @Togg2022 hesabÄ±na girmemiÅŸtir bileâ€¦"
analizciborsaci,@insidetradingg @Selcuk @Togg2022 @HAVELSANResmi @TEI_TUSAS @roketsan Kendi deÄŸerlerini bilmeyenler
Sonkalee1,@insidetradingg @Selcuk @Togg2022 @HAVELSANResmi @TEI_TUSAS @roketsan ğŸ˜ğŸ˜
insidetradingg,"Hatta 
Elon musk'Ä± takip eder, @Selcuk  takip etmez
Tesla'yÄ± takip eder ama baksan @Togg2022 hesabÄ±na girmemiÅŸtir bile
@HAVELSANResmi 'dan yada @TEI_TUSAS'tan @roketsan  haberi yoktur bunlarÄ±n, 
Ne yazÄ±k ki Asels ve thyao iÃ§in batÄ±k diyen cahiller var memlekette... https://t.co/GM8fVsdMru"
erdogan_y60,"RT @AnkaraAb: BÄ°LGÄ°LENDÄ°RME
Algoritm Ankara Projesi Ã–ÄŸrenci SeÃ§me EtkinliÄŸi BaÅŸvuru SÃ¼resi UzatÄ±ldÄ±.
16 Ekim 2022 tarihine kadar baÅŸvuru alâ€¦"
vbozden,"RT @tolgaozbek_com: HAVELSANâ€™dan â€˜veri sÄ±zÄ±ntÄ±sÄ±â€™ Ã¶nlemi
https://t.co/bl4Q54ACZq @HAVELSANResmi https://t.co/4Bgh0r2j7X"
ErcanAcr3468,"RT @HAVELSANResmi: BaÄŸÄ±ÅŸlarÄ±yla savunma sanayimize can suyu olan baÄŸÄ±ÅŸÃ§Ä±larÄ±mÄ±z, ""Bu yer bizim"" dedikleri HAVELSAN'da, kendi evlerindeydi.â€¦"
ErcanAcr3468,"RT @HAVELSANResmi: Ä°lk kez bir silahlÄ± insansÄ±z deniz aracÄ±mÄ±za milli savaÅŸ yÃ¶netim sistemimiz ADVENT entegre ediliyor. ğŸš¤

ÃœstÃ¼n Ã¶zelliklerâ€¦"
ErcanAcr3468,"RT @HAVELSANResmi: Gece gÃ¼ndÃ¼z gÃ¶revde ğŸ›©ï¸
#BAHA #HAVELSAN https://t.co/8GucrIu5mE"
ErcanAcr3468,RT @HAVELSANResmi: #KAPGANğŸ¤« https://t.co/hyleGExmkK
ErcanAcr3468,"RT @HAVELSANResmi: MÄ°LGEM Projesi kapsamÄ±nda TÃ¼rk Deniz Kuvvetleri istedi, HAVELSAN Ã¼retti. ğŸ‡¹ğŸ‡· 

Hafif torpidolar ile kovanlarÄ±nÄ±n gerÃ§ek zâ€¦"
ErcanAcr3468,"RT @HAVELSANResmi: MillÃ® egemenliÄŸimizin sembolÃ¼ Ankara'nÄ±n, Cumhuriyetimizin baÅŸkenti olarak ilan ediliÅŸinin 99'uncu yÄ±lÄ± kutlu olsun. ğŸ‡¹ğŸ‡·â€¦"
ErcanAcr3468,"RT @HAVELSANResmi: ğŸ›©ï¸SÄ±zdÄ±rmazlÄ±ÄŸÄ± ile yaÄŸÄ±ÅŸ ÅŸartlarÄ±na uyum saÄŸlayacak
ğŸ›©ï¸UÃ§uÅŸa uygun olmayan havalarda da uÃ§uÅŸ yapacak
ğŸ›©ï¸Ã‡ok daha uzak mesâ€¦"
Yenidendrl,"RT @HAVELSANResmi: MillÃ® egemenliÄŸimizin sembolÃ¼ Ankara'nÄ±n, Cumhuriyetimizin baÅŸkenti olarak ilan ediliÅŸinin 99'uncu yÄ±lÄ± kutlu olsun. ğŸ‡¹ğŸ‡·â€¦"
AhmetGurselAVCI,"RT @AnkaraAb: BÄ°LGÄ°LENDÄ°RME
Algoritm Ankara Projesi Ã–ÄŸrenci SeÃ§me EtkinliÄŸi BaÅŸvuru SÃ¼resi UzatÄ±ldÄ±.
16 Ekim 2022 tarihine kadar baÅŸvuru alâ€¦"
mem_etimesgut,"RT @AnkaraAb: BÄ°LGÄ°LENDÄ°RME
Algoritm Ankara Projesi Ã–ÄŸrenci SeÃ§me EtkinliÄŸi BaÅŸvuru SÃ¼resi UzatÄ±ldÄ±.
16 Ekim 2022 tarihine kadar baÅŸvuru alâ€¦"
AEgemenYilmaz,"RT @HAVELSANResmi: MillÃ® egemenliÄŸimizin sembolÃ¼ Ankara'nÄ±n, Cumhuriyetimizin baÅŸkenti olarak ilan ediliÅŸinin 99'uncu yÄ±lÄ± kutlu olsun. ğŸ‡¹ğŸ‡·â€¦"
Habipkkaya,"RT @HAVELSANResmi: MillÃ® egemenliÄŸimizin sembolÃ¼ Ankara'nÄ±n, Cumhuriyetimizin baÅŸkenti olarak ilan ediliÅŸinin 99'uncu yÄ±lÄ± kutlu olsun. ğŸ‡¹ğŸ‡·â€¦"
Eneszde30772256,"RT @GaziantepBeld: #GaziantepBÃ¼yÃ¼kÅŸehir ile @HAVELSANResmi arasÄ±nda akÄ±llÄ± kamera protokolÃ¼ imzalandÄ±.

Hasan Celal GÃ¼zel Millet BahÃ§esiâ€™ndâ€¦"
onurddursun,RT @HAVELSANResmi: #KAPGANğŸ¤« https://t.co/hyleGExmkK
vasanrt,RT @tur_def: ğŸ‡¹ğŸ‡·Havelsan Presents Barkan at ISNR 2022 #technology #event #success #environment #diversity #infrastructure #military #abudhabâ€¦
tur_def,ğŸ‡¹ğŸ‡·Havelsan Presents Barkan at ISNR 2022 #technology #event #success #environment #diversity #infrastructure #military #abudhabi #surveillance #nationalsecurity #ISNR #UGV #swarm #unitedarabemirates #ISNR2022  @HAVELSANResmi   https://t.co/eJ1xf8r475
ray_akturk,"RT @HAVELSANResmi: MillÃ® egemenliÄŸimizin sembolÃ¼ Ankara'nÄ±n, Cumhuriyetimizin baÅŸkenti olarak ilan ediliÅŸinin 99'uncu yÄ±lÄ± kutlu olsun. ğŸ‡¹ğŸ‡·â€¦"
BayramB40267623,"RT @aselsan: Ãœlkemizde ve dÃ¼nyada birÃ§ok yeniliÄŸe imza atmÄ±ÅŸ, biliÅŸim, savunma, Ã¼lke gÃ¼venliÄŸi ve siber gÃ¼venlik gibi birden fazla alana adâ€¦"
CahitYAMAN9,"RT @HAVELSANResmi: MillÃ® egemenliÄŸimizin sembolÃ¼ Ankara'nÄ±n, Cumhuriyetimizin baÅŸkenti olarak ilan ediliÅŸinin 99'uncu yÄ±lÄ± kutlu olsun. ğŸ‡¹ğŸ‡·â€¦"
TrOpenstack,"RT @ictmedia_tr: AÃ§Ä±k kaynak Ã§Ã¶zÃ¼mleri OpenInfra Day Turkey 2022â€™de buluÅŸtu

@openinfradev 
@UlakHaberlesme 
@ictmedia_tr 
@tcarrez 
@OpenSâ€¦"
turkuazhyperlop,"Havelsan Diyalog Ã¼zerinden gerÃ§ekleÅŸtirdiÄŸimiz tanÄ±ÅŸma toplantÄ±sÄ±nda, Havelsan bÃ¼nyesinde bulunan kariyer programlarÄ±, iÅŸ ve staj imkanlarÄ±nÄ± dinleme fÄ±rsatÄ± bulduk. TakÄ±mÄ±mÄ±za olan ilgileri iÃ§in Havelsan ÅŸirketine teÅŸekkÃ¼r ederiz! @HAVELSANResmi https://t.co/yRptHPnzEL"
HakanKl57963737,"RT @HAVELSANResmi: MillÃ® egemenliÄŸimizin sembolÃ¼ Ankara'nÄ±n, Cumhuriyetimizin baÅŸkenti olarak ilan ediliÅŸinin 99'uncu yÄ±lÄ± kutlu olsun. ğŸ‡¹ğŸ‡·â€¦"
manacar1,"RT @HAVELSANResmi: MillÃ® egemenliÄŸimizin sembolÃ¼ Ankara'nÄ±n, Cumhuriyetimizin baÅŸkenti olarak ilan ediliÅŸinin 99'uncu yÄ±lÄ± kutlu olsun. ğŸ‡¹ğŸ‡·â€¦"
_siyez,"RT @HAVELSANResmi: MillÃ® egemenliÄŸimizin sembolÃ¼ Ankara'nÄ±n, Cumhuriyetimizin baÅŸkenti olarak ilan ediliÅŸinin 99'uncu yÄ±lÄ± kutlu olsun. ğŸ‡¹ğŸ‡·â€¦"
mrtpehlivan,"RT @ictmedia_tr: AÃ§Ä±k kaynak Ã§Ã¶zÃ¼mleri OpenInfra Day Turkey 2022â€™de buluÅŸtu

@openinfradev 
@UlakHaberlesme 
@ictmedia_tr 
@tcarrez 
@OpenSâ€¦"
osmanmalkoc45,"RT @HAVELSANResmi: MillÃ® egemenliÄŸimizin sembolÃ¼ Ankara'nÄ±n, Cumhuriyetimizin baÅŸkenti olarak ilan ediliÅŸinin 99'uncu yÄ±lÄ± kutlu olsun. ğŸ‡¹ğŸ‡·â€¦"
Cabuk3871,"RT @HAVELSANResmi: MillÃ® egemenliÄŸimizin sembolÃ¼ Ankara'nÄ±n, Cumhuriyetimizin baÅŸkenti olarak ilan ediliÅŸinin 99'uncu yÄ±lÄ± kutlu olsun. ğŸ‡¹ğŸ‡·â€¦"
TRABZONOFLU3,"RT @HAVELSANResmi: MillÃ® egemenliÄŸimizin sembolÃ¼ Ankara'nÄ±n, Cumhuriyetimizin baÅŸkenti olarak ilan ediliÅŸinin 99'uncu yÄ±lÄ± kutlu olsun. ğŸ‡¹ğŸ‡·â€¦"
Glcan73683853,"RT @HAVELSANResmi: MillÃ® egemenliÄŸimizin sembolÃ¼ Ankara'nÄ±n, Cumhuriyetimizin baÅŸkenti olarak ilan ediliÅŸinin 99'uncu yÄ±lÄ± kutlu olsun. ğŸ‡¹ğŸ‡·â€¦"
doga2023,"RT @HAVELSANResmi: MillÃ® egemenliÄŸimizin sembolÃ¼ Ankara'nÄ±n, Cumhuriyetimizin baÅŸkenti olarak ilan ediliÅŸinin 99'uncu yÄ±lÄ± kutlu olsun. ğŸ‡¹ğŸ‡·â€¦"
TCSathiMudafa,"RT @HAVELSANResmi: MillÃ® egemenliÄŸimizin sembolÃ¼ Ankara'nÄ±n, Cumhuriyetimizin baÅŸkenti olarak ilan ediliÅŸinin 99'uncu yÄ±lÄ± kutlu olsun. ğŸ‡¹ğŸ‡·â€¦"
Defense_Talks,"International Participation at IDEAS 2022: 

@Baykar @aselsan @SchiebelGroup @Saab @SarsilmazSilah @StmDefenceInt @Leonardo_live @byMBDA @HAVELSANResmi @MeteksanSavunma @roketsan @TUSAS_EN"
Elmadagmemarge,"RT @AnkaraAb: BÄ°LGÄ°LENDÄ°RME
Algoritm Ankara Projesi Ã–ÄŸrenci SeÃ§me EtkinliÄŸi BaÅŸvuru SÃ¼resi UzatÄ±ldÄ±.
16 Ekim 2022 tarihine kadar baÅŸvuru alâ€¦"
ictmedia_tr,"AÃ§Ä±k kaynak Ã§Ã¶zÃ¼mleri OpenInfra Day Turkey 2022â€™de buluÅŸtu

@openinfradev 
@UlakHaberlesme 
@ictmedia_tr 
@tcarrez 
@OpenStack 
@huseyin_cotuk 
@HAVELSANResmi 
@Tubitak 
@TC_icisleri 

https://t.co/VkUVOM9CSz"
mrtturhan73,RT @tsk_gv: Yeni kamu spotumuz RTÃœK tarafÄ±ndan onaylanmÄ±ÅŸ ve televizyonlarda yayÄ±nlanmaya baÅŸlamÄ±ÅŸtÄ±r. @aselsan @TUSAS_TR @roketsan @HAVELSâ€¦
gokbar,@HAVELSANResmi @FNSS_Savunma @nurolmakina @TUSAS_TR https://t.co/Lc4McxirXr
Muratenko,RT @tolgaozbek_com: GÃ¼nÃ¼mÃ¼zÃ¼n en bÃ¼yÃ¼k sorunlarÄ±nÄ±n baÅŸÄ±nda veri sÄ±zÄ±ntÄ±sÄ± geliyor. @HAVELSANResmi bu konuda Ã¶nemli bir adÄ±m attÄ±: ğŸ‘‡
tolgaozbek_com,GÃ¼nÃ¼mÃ¼zÃ¼n en bÃ¼yÃ¼k sorunlarÄ±nÄ±n baÅŸÄ±nda veri sÄ±zÄ±ntÄ±sÄ± geliyor. @HAVELSANResmi bu konuda Ã¶nemli bir adÄ±m attÄ±: ğŸ‘‡ https://t.co/ADO629QlWY
toganakkoc,"RT @tolgaozbek_com: HAVELSANâ€™dan â€˜veri sÄ±zÄ±ntÄ±sÄ±â€™ Ã¶nlemi
https://t.co/bl4Q54ACZq @HAVELSANResmi https://t.co/4Bgh0r2j7X"
tolgaozbek_com,"HAVELSANâ€™dan â€˜veri sÄ±zÄ±ntÄ±sÄ±â€™ Ã¶nlemi
https://t.co/bl4Q54ACZq @HAVELSANResmi https://t.co/4Bgh0r2j7X"
Not_a__robot,"@orko_8 @J_FitzKennedy @ErikliMandalina Bu ne demek?
Ä°nsana bÄ±rakÄ±lamaz Ã§atÄ±ÅŸma gibi ciddi bir mesele.

Bu Ä°srailli smart shooter gibi akÄ±llÄ± dÃ¼rbÃ¼n ve tetik olmalÄ± evet ama orada bu silahÄ± taÅŸÄ±yan da insan deÄŸil insansÄ±z bir platform olmalÄ±.
@aselsan @HAVELSANResmi @bmcsavunma 

https://t.co/9xmxBBsJg2"
can_nacnac,"RT @BilgeDemirkoz: EÄŸlenceli bir rÃ¶portaj iÃ§in teÅŸekkÃ¼rler @tolgaozbek_com ve @HAVELSANResmi 

TÃ¼mÃ¼nÃ¼ burada bulabilirsiniz: 
https://t.co/â€¦"
candemircan1905,RT @tsk_gv: VakfÄ±mÄ±zÄ±n 35â€™inci KuruluÅŸ YÄ±l DÃ¶nÃ¼mÃ¼nde baÄŸÄ±ÅŸÃ§Ä±larÄ±mÄ±z ile birlikte ÅŸirketlerimizi ziyaret ettik. Ziyarette baÄŸÄ±ÅŸÃ§Ä±larÄ±mÄ±z genâ€¦
defensehere_ar,"ğŸ“ŒØ´Ø±ÙƒØ© @HAVELSANResmi Ø§Ù„ØªØ±ÙƒÙŠØ© ØªÙ‚ÙˆÙ… Ø¨ØªØ·ÙˆÙŠØ± Ù†Ø¸Ø§Ù… Ø§Ø®ØªØ¨Ø§Ø± Ø§Ù„Ø·ÙˆØ±Ø¨ÙŠØ¯Ø§Øª Ù„Ø¶Ù…Ø§Ù† Ø¹Ù…Ù„ Ø§Ù„Ø·ÙˆØ±Ø¨ÙŠØ¯Ø§Øª ÙˆØ§Ù„Ù‚Ø°Ø§Ø¦Ù Ø¨Ø£ÙØ¶Ù„ Ø·Ø±ÙŠÙ‚Ø© Ù…Ù…ÙƒÙ†Ø©.
#Ù‡Ø§ÙÙŠÙ„Ø³Ø§Ù† #ØªØ±ÙƒÙŠØ§ #Ø·ÙˆØ±Ø¨ÙŠØ¯Ø§Øª #Ù‚Ø°Ø§Ø¦Ù
ğŸ”—Ù„Ù„Ù…Ø²ÙŠØ¯ Ù…Ù† Ø§Ù„ØªÙØ§ØµÙŠÙ„ Ø§Ù†Ù‚Ø± Ø§Ù„Ø±Ø§Ø¨Ø·
https://t.co/C1001d1ayP https://t.co/FACQaUMXx6"
beyazaysgl,@AnkaraAb @AnkaraValiligi @BTKAkademi @AnkaraUni @HAVELSANResmi @ODTUTeknokent @hacettepetech Merhabalar. SÄ±nav tarihi nezaman olacak acaba
drgoktanay,@itu1773 ekibi olarak @HAVELSANResmi 'Ä± da ziyaret ettik. #TokatlÄ± hemÅŸerimiz Genel MÃ¼dÃ¼r #ProfDrHacÄ±AliMantar'a gÃ¼zel yemeÄŸi ve  ilgisi iÃ§in teÅŸekkÃ¼r ederiz... https://t.co/iBSCgFExli
mvltygt,"RT @HAVELSANResmi: DÃ¼nya KupasÄ± Ampute Futbol Milli TakÄ±mÄ±mÄ±zÄ±n. ÅampiyonlarÄ± yÃ¼rekten tebrik ederiz. ğŸ†âš½

TÃ¼rkiye'nin gururu #BizimÃ‡ocuklarâ€¦"
mkemal2015,"Erken ikazÄ±n,Manpads'in ve Hava SavunmanÄ±n Ã¶nemini gÃ¶steren bu olayÄ± Ã¼lkemize uyarlayÄ±p gereÄŸini deÄŸerlendirmeliyiz @tcbestepe @RTErdogan @tcsavunma @TSKGnkur @IsmailDemirSSB @SavunmaSanayii @roketsan @aselsan @muratikinci2 @HAVELSANResmi @SageTubitak https://t.co/rbe5PltZHd"
enginemin05,"RT @gooksel: TÃ¼rk torpidolarÄ± milli teknolojiye emanet:
â€¢ @HAVELSANResmi'nin Torpido Test Seti, torpido ve kovan testleri iÃ§in geliÅŸtirildiâ€¦"
Kdrraslnnn,"RT @GaziantepBeld: #GaziantepBÃ¼yÃ¼kÅŸehir ile @HAVELSANResmi arasÄ±nda akÄ±llÄ± kamera protokolÃ¼ imzalandÄ±.

Hasan Celal GÃ¼zel Millet BahÃ§esiâ€™ndâ€¦"
Fuatakkayaoglu9,"RT @HAVELSANResmi: BaÄŸÄ±ÅŸlarÄ±yla savunma sanayimize can suyu olan baÄŸÄ±ÅŸÃ§Ä±larÄ±mÄ±z, ""Bu yer bizim"" dedikleri HAVELSAN'da, kendi evlerindeydi.â€¦"
hulyazici,"RT @HAVELSANResmi: DÃ¼nya KupasÄ± Ampute Futbol Milli TakÄ±mÄ±mÄ±zÄ±n. ÅampiyonlarÄ± yÃ¼rekten tebrik ederiz. ğŸ†âš½

TÃ¼rkiye'nin gururu #BizimÃ‡ocuklarâ€¦"
OkanVatansever6,"RT @HAVELSANResmi: DÃ¼nya KupasÄ± Ampute Futbol Milli TakÄ±mÄ±mÄ±zÄ±n. ÅampiyonlarÄ± yÃ¼rekten tebrik ederiz. ğŸ†âš½

TÃ¼rkiye'nin gururu #BizimÃ‡ocuklarâ€¦"
Kadiray57623320,"RT @GaziantepBeld: #GaziantepBÃ¼yÃ¼kÅŸehir ile @HAVELSANResmi arasÄ±nda akÄ±llÄ± kamera protokolÃ¼ imzalandÄ±.

Hasan Celal GÃ¼zel Millet BahÃ§esiâ€™ndâ€¦"
TR1681,"RT @M5Dergi: TÃ¼rk torpidolarÄ± milli teknolojiye emanet

TÃ¼rkiye, torpido ve kovanlarÄ±n en iyi ÅŸekilde gÃ¶rev yapmasÄ±nÄ± saÄŸlamak amacÄ±yla kulâ€¦"
m_erbas44,"RT @HAVELSANResmi: DÃ¼nya KupasÄ± Ampute Futbol Milli TakÄ±mÄ±mÄ±zÄ±n. ÅampiyonlarÄ± yÃ¼rekten tebrik ederiz. ğŸ†âš½

TÃ¼rkiye'nin gururu #BizimÃ‡ocuklarâ€¦"
ray_akturk,"RT @HAVELSANResmi: DÃ¼nya KupasÄ± Ampute Futbol Milli TakÄ±mÄ±mÄ±zÄ±n. ÅampiyonlarÄ± yÃ¼rekten tebrik ederiz. ğŸ†âš½

TÃ¼rkiye'nin gururu #BizimÃ‡ocuklarâ€¦"
tarihturko,"RT @HAVELSANResmi: DÃ¼nya KupasÄ± Ampute Futbol Milli TakÄ±mÄ±mÄ±zÄ±n. ÅampiyonlarÄ± yÃ¼rekten tebrik ederiz. ğŸ†âš½

TÃ¼rkiye'nin gururu #BizimÃ‡ocuklarâ€¦"
MADemir27,"RT @HAVELSANResmi: DÃ¼nya KupasÄ± Ampute Futbol Milli TakÄ±mÄ±mÄ±zÄ±n. ÅampiyonlarÄ± yÃ¼rekten tebrik ederiz. ğŸ†âš½

TÃ¼rkiye'nin gururu #BizimÃ‡ocuklarâ€¦"
CahitYAMAN9,"RT @HAVELSANResmi: DÃ¼nya KupasÄ± Ampute Futbol Milli TakÄ±mÄ±mÄ±zÄ±n. ÅampiyonlarÄ± yÃ¼rekten tebrik ederiz. ğŸ†âš½

TÃ¼rkiye'nin gururu #BizimÃ‡ocuklarâ€¦"
TimucinGoren,"RT @HAVELSANResmi: DÃ¼nya KupasÄ± Ampute Futbol Milli TakÄ±mÄ±mÄ±zÄ±n. ÅampiyonlarÄ± yÃ¼rekten tebrik ederiz. ğŸ†âš½

TÃ¼rkiye'nin gururu #BizimÃ‡ocuklarâ€¦"
aliycl0987,"RT @IsmailDemirSSB: TÃ¼rk savunma sanayii, SÄ°HAâ€™larÄ±nÄ±n ardÄ±ndan SÄ°DAâ€™larÄ±yla da dÃ¼nyada fark oluÅŸturacak.ğŸŒŠğŸš¤

@HAVELSANResmi ve Yonca Onuk Tâ€¦"
snnyldzTR,"RT @HAVELSANResmi: MÄ°LGEM Projesi kapsamÄ±nda TÃ¼rk Deniz Kuvvetleri istedi, HAVELSAN Ã¼retti. ğŸ‡¹ğŸ‡· 

Hafif torpidolar ile kovanlarÄ±nÄ±n gerÃ§ek zâ€¦"
CanbulatGokalp,"RT @HAVELSANResmi: DÃ¼nya KupasÄ± Ampute Futbol Milli TakÄ±mÄ±mÄ±zÄ±n. ÅampiyonlarÄ± yÃ¼rekten tebrik ederiz. ğŸ†âš½

TÃ¼rkiye'nin gururu #BizimÃ‡ocuklarâ€¦"
halittasgines,"RT @HAVELSANResmi: DÃ¼nya KupasÄ± Ampute Futbol Milli TakÄ±mÄ±mÄ±zÄ±n. ÅampiyonlarÄ± yÃ¼rekten tebrik ederiz. ğŸ†âš½

TÃ¼rkiye'nin gururu #BizimÃ‡ocuklarâ€¦"
mustafa30110670,"RT @HAVELSANResmi: DÃ¼nya KupasÄ± Ampute Futbol Milli TakÄ±mÄ±mÄ±zÄ±n. ÅampiyonlarÄ± yÃ¼rekten tebrik ederiz. ğŸ†âš½

TÃ¼rkiye'nin gururu #BizimÃ‡ocuklarâ€¦"
Es3486,"RT @HAVELSANResmi: DÃ¼nya KupasÄ± Ampute Futbol Milli TakÄ±mÄ±mÄ±zÄ±n. ÅampiyonlarÄ± yÃ¼rekten tebrik ederiz. ğŸ†âš½

TÃ¼rkiye'nin gururu #BizimÃ‡ocuklarâ€¦"
Ramazan_ENGIN,"RT @HAVELSANResmi: DÃ¼nya KupasÄ± Ampute Futbol Milli TakÄ±mÄ±mÄ±zÄ±n. ÅampiyonlarÄ± yÃ¼rekten tebrik ederiz. ğŸ†âš½

TÃ¼rkiye'nin gururu #BizimÃ‡ocuklarâ€¦"
Yenidendrl,"RT @HAVELSANResmi: DÃ¼nya KupasÄ± Ampute Futbol Milli TakÄ±mÄ±mÄ±zÄ±n. ÅampiyonlarÄ± yÃ¼rekten tebrik ederiz. ğŸ†âš½

TÃ¼rkiye'nin gururu #BizimÃ‡ocuklarâ€¦"
skycengineer,"RT @HAVELSANResmi: DÃ¼nya KupasÄ± Ampute Futbol Milli TakÄ±mÄ±mÄ±zÄ±n. ÅampiyonlarÄ± yÃ¼rekten tebrik ederiz. ğŸ†âš½

TÃ¼rkiye'nin gururu #BizimÃ‡ocuklarâ€¦"
OzanSay255181,"RT @HAVELSANResmi: DÃ¼nya KupasÄ± Ampute Futbol Milli TakÄ±mÄ±mÄ±zÄ±n. ÅampiyonlarÄ± yÃ¼rekten tebrik ederiz. ğŸ†âš½

TÃ¼rkiye'nin gururu #BizimÃ‡ocuklarâ€¦"
bilaldemir022,"RT @HAVELSANResmi: DÃ¼nya KupasÄ± Ampute Futbol Milli TakÄ±mÄ±mÄ±zÄ±n. ÅampiyonlarÄ± yÃ¼rekten tebrik ederiz. ğŸ†âš½

TÃ¼rkiye'nin gururu #BizimÃ‡ocuklarâ€¦"
Hakanst73792269,"RT @HAVELSANResmi: DÃ¼nya KupasÄ± Ampute Futbol Milli TakÄ±mÄ±mÄ±zÄ±n. ÅampiyonlarÄ± yÃ¼rekten tebrik ederiz. ğŸ†âš½

TÃ¼rkiye'nin gururu #BizimÃ‡ocuklarâ€¦"
Abdurrahman3166,"@HAVELSANResmi ÅAMPÄ°YON TÃœRKÄ°YE ğŸ†ğŸ‡¹ğŸ‡·
Helal olsun. TeÅŸekkÃ¼rler #BizimÃ‡ocuklar ğŸ‘ğŸ‘ğŸ‘"
tolgaozbek_com,"RT @HAVELSANResmi: DÃ¼nya KupasÄ± Ampute Futbol Milli TakÄ±mÄ±mÄ±zÄ±n. ÅampiyonlarÄ± yÃ¼rekten tebrik ederiz. ğŸ†âš½

TÃ¼rkiye'nin gururu #BizimÃ‡ocuklarâ€¦"
Efe6620,"RT @HAVELSANResmi: DÃ¼nya KupasÄ± Ampute Futbol Milli TakÄ±mÄ±mÄ±zÄ±n. ÅampiyonlarÄ± yÃ¼rekten tebrik ederiz. ğŸ†âš½

TÃ¼rkiye'nin gururu #BizimÃ‡ocuklarâ€¦"
TCSathiMudafa,"RT @HAVELSANResmi: DÃ¼nya KupasÄ± Ampute Futbol Milli TakÄ±mÄ±mÄ±zÄ±n. ÅampiyonlarÄ± yÃ¼rekten tebrik ederiz. ğŸ†âš½

TÃ¼rkiye'nin gururu #BizimÃ‡ocuklarâ€¦"
ozer_songun,"RT @M5Dergi: TÃ¼rk torpidolarÄ± milli teknolojiye emanet

TÃ¼rkiye, torpido ve kovanlarÄ±n en iyi ÅŸekilde gÃ¶rev yapmasÄ±nÄ± saÄŸlamak amacÄ±yla kulâ€¦"
mstfsoy,"RT @HAVELSANResmi: DÃ¼nya KupasÄ± Ampute Futbol Milli TakÄ±mÄ±mÄ±zÄ±n. ÅampiyonlarÄ± yÃ¼rekten tebrik ederiz. ğŸ†âš½

TÃ¼rkiye'nin gururu #BizimÃ‡ocuklarâ€¦"
muharikan,"RT @HAVELSANResmi: DÃ¼nya KupasÄ± Ampute Futbol Milli TakÄ±mÄ±mÄ±zÄ±n. ÅampiyonlarÄ± yÃ¼rekten tebrik ederiz. ğŸ†âš½

TÃ¼rkiye'nin gururu #BizimÃ‡ocuklarâ€¦"
mehmeto66292919,"RT @HAVELSANResmi: DÃ¼nya KupasÄ± Ampute Futbol Milli TakÄ±mÄ±mÄ±zÄ±n. ÅampiyonlarÄ± yÃ¼rekten tebrik ederiz. ğŸ†âš½

TÃ¼rkiye'nin gururu #BizimÃ‡ocuklarâ€¦"
mecidlazhamit,"RT @HAVELSANResmi: DÃ¼nya KupasÄ± Ampute Futbol Milli TakÄ±mÄ±mÄ±zÄ±n. ÅampiyonlarÄ± yÃ¼rekten tebrik ederiz. ğŸ†âš½

TÃ¼rkiye'nin gururu #BizimÃ‡ocuklarâ€¦"
zeynosamur,"RT @HAVELSANResmi: DÃ¼nya KupasÄ± Ampute Futbol Milli TakÄ±mÄ±mÄ±zÄ±n. ÅampiyonlarÄ± yÃ¼rekten tebrik ederiz. ğŸ†âš½

TÃ¼rkiye'nin gururu #BizimÃ‡ocuklarâ€¦"
fanatikilhan,"RT @HAVELSANResmi: DÃ¼nya KupasÄ± Ampute Futbol Milli TakÄ±mÄ±mÄ±zÄ±n. ÅampiyonlarÄ± yÃ¼rekten tebrik ederiz. ğŸ†âš½

TÃ¼rkiye'nin gururu #BizimÃ‡ocuklarâ€¦"
manacar1,"RT @HAVELSANResmi: DÃ¼nya KupasÄ± Ampute Futbol Milli TakÄ±mÄ±mÄ±zÄ±n. ÅampiyonlarÄ± yÃ¼rekten tebrik ederiz. ğŸ†âš½

TÃ¼rkiye'nin gururu #BizimÃ‡ocuklarâ€¦"
TRABZONOFLU3,"RT @HAVELSANResmi: DÃ¼nya KupasÄ± Ampute Futbol Milli TakÄ±mÄ±mÄ±zÄ±n. ÅampiyonlarÄ± yÃ¼rekten tebrik ederiz. ğŸ†âš½

TÃ¼rkiye'nin gururu #BizimÃ‡ocuklarâ€¦"
NaneBatuhan,"RT @HAVELSANResmi: MÄ°LGEM Projesi kapsamÄ±nda TÃ¼rk Deniz Kuvvetleri istedi, HAVELSAN Ã¼retti. ğŸ‡¹ğŸ‡· 

Hafif torpidolar ile kovanlarÄ±nÄ±n gerÃ§ek zâ€¦"
NaneBatuhan,RT @HAVELSANResmi: #KAPGANğŸ¤« https://t.co/hyleGExmkK
Nuri28363304,"RT @M5Dergi: TÃ¼rk torpidolarÄ± milli teknolojiye emanet

TÃ¼rkiye, torpido ve kovanlarÄ±n en iyi ÅŸekilde gÃ¶rev yapmasÄ±nÄ± saÄŸlamak amacÄ±yla kulâ€¦"
utkuguler34,RT @HAVELSANResmi: #KAPGANğŸ¤« https://t.co/hyleGExmkK
ylmazgv00709433,"RT @GaziantepBeld: #GaziantepBÃ¼yÃ¼kÅŸehir ile @HAVELSANResmi arasÄ±nda akÄ±llÄ± kamera protokolÃ¼ imzalandÄ±.

Hasan Celal GÃ¼zel Millet BahÃ§esiâ€™ndâ€¦"
DaimaTek,"RT @M5Dergi: TÃ¼rk torpidolarÄ± milli teknolojiye emanet

TÃ¼rkiye, torpido ve kovanlarÄ±n en iyi ÅŸekilde gÃ¶rev yapmasÄ±nÄ± saÄŸlamak amacÄ±yla kulâ€¦"
yksel_gne,"RT @M5Dergi: TÃ¼rk torpidolarÄ± milli teknolojiye emanet

TÃ¼rkiye, torpido ve kovanlarÄ±n en iyi ÅŸekilde gÃ¶rev yapmasÄ±nÄ± saÄŸlamak amacÄ±yla kulâ€¦"
Efe6620,"RT @HAVELSANResmi: MÄ°LGEM Projesi kapsamÄ±nda TÃ¼rk Deniz Kuvvetleri istedi, HAVELSAN Ã¼retti. ğŸ‡¹ğŸ‡· 

Hafif torpidolar ile kovanlarÄ±nÄ±n gerÃ§ek zâ€¦"
alibenian,"RT @M5Dergi: TÃ¼rk torpidolarÄ± milli teknolojiye emanet

TÃ¼rkiye, torpido ve kovanlarÄ±n en iyi ÅŸekilde gÃ¶rev yapmasÄ±nÄ± saÄŸlamak amacÄ±yla kulâ€¦"
M5Dergi,"TÃ¼rk torpidolarÄ± milli teknolojiye emanet

TÃ¼rkiye, torpido ve kovanlarÄ±n en iyi ÅŸekilde gÃ¶rev yapmasÄ±nÄ± saÄŸlamak amacÄ±yla kullanÄ±lan Torpido Test Set'i yerli kabiliyetlerle Ã¼retmeye baÅŸladÄ±. @HAVELSANResmi 

https://t.co/0PYZMmeGCQ"
trkdgl,"RT @HAVELSANResmi: MÄ°LGEM Projesi kapsamÄ±nda TÃ¼rk Deniz Kuvvetleri istedi, HAVELSAN Ã¼retti. ğŸ‡¹ğŸ‡· 

Hafif torpidolar ile kovanlarÄ±nÄ±n gerÃ§ek zâ€¦"
Affan812,"RT @Defence_Turk: ğŸ”´ğŸ‡¹ğŸ‡·SANCAR SÄ°DA ilk testlerini baÅŸarÄ±yla tamamladÄ±

ğŸ”¸HAVELSAN ve Yonca Onuk Tersanesi iÅŸ birliÄŸi ile geliÅŸtirilen SANCAR Sâ€¦"
Arslansabanrt11,"RT @sahaistanbul: YONCA ONUK ve HAVELSAN tarafÄ±ndan geliÅŸtirilen Sancar, SÄ°DA'larÄ±n buluÅŸma noktasÄ± #SAHAEXPO'da!

ğŸ—“ 25-28 Ekim 2022
ğŸ“ Ä°FMâ€¦"
kursad_sagdoken,"RT @HAVELSANResmi: MÄ°LGEM Projesi kapsamÄ±nda TÃ¼rk Deniz Kuvvetleri istedi, HAVELSAN Ã¼retti. ğŸ‡¹ğŸ‡· 

Hafif torpidolar ile kovanlarÄ±nÄ±n gerÃ§ek zâ€¦"
SNMEZGrkan1,"RT @HAVELSANResmi: MÄ°LGEM Projesi kapsamÄ±nda TÃ¼rk Deniz Kuvvetleri istedi, HAVELSAN Ã¼retti. ğŸ‡¹ğŸ‡· 

Hafif torpidolar ile kovanlarÄ±nÄ±n gerÃ§ek zâ€¦"
hulkhalkk,"RT @Nurgul1357: TÃ¼rkiye'nin yeni insansÄ±z kara aracÄ± #KAPGANğŸ‡¹ğŸ‡·

@HAVELSANResmiğŸ‘ğŸ‘"
dealeridogan5,RT @HAVELSANResmi: #KAPGANğŸ¤« https://t.co/hyleGExmkK
esn_unl,"RT @orhannatak: Ä°sim efsaneğŸ‘ğŸ»

ğŸ‡¹ğŸ‡· KAPGAN ğŸ‡¹ğŸ‡·

@HAVELSANResmi ğŸ‘ğŸ»

 https://t.co/iFiXRLrkT8"
BaLPoRsuGu090,"RT @HAVELSANResmi: MÄ°LGEM Projesi kapsamÄ±nda TÃ¼rk Deniz Kuvvetleri istedi, HAVELSAN Ã¼retti. ğŸ‡¹ğŸ‡· 

Hafif torpidolar ile kovanlarÄ±nÄ±n gerÃ§ek zâ€¦"
Tunaakgn1,"RT @HAVELSANResmi: MÄ°LGEM Projesi kapsamÄ±nda TÃ¼rk Deniz Kuvvetleri istedi, HAVELSAN Ã¼retti. ğŸ‡¹ğŸ‡· 

Hafif torpidolar ile kovanlarÄ±nÄ±n gerÃ§ek zâ€¦"
onurozaman,"RT @gooksel: TÃ¼rk torpidolarÄ± milli teknolojiye emanet:
â€¢ @HAVELSANResmi'nin Torpido Test Seti, torpido ve kovan testleri iÃ§in geliÅŸtirildiâ€¦"
mustafa30110670,"RT @HAVELSANResmi: MÄ°LGEM Projesi kapsamÄ±nda TÃ¼rk Deniz Kuvvetleri istedi, HAVELSAN Ã¼retti. ğŸ‡¹ğŸ‡· 

Hafif torpidolar ile kovanlarÄ±nÄ±n gerÃ§ek zâ€¦"
HLKKSL,"RT @gooksel: TÃ¼rk torpidolarÄ± milli teknolojiye emanet:
â€¢ @HAVELSANResmi'nin Torpido Test Seti, torpido ve kovan testleri iÃ§in geliÅŸtirildiâ€¦"
KuralKaide,"RT @gooksel: TÃ¼rk torpidolarÄ± milli teknolojiye emanet:
â€¢ @HAVELSANResmi'nin Torpido Test Seti, torpido ve kovan testleri iÃ§in geliÅŸtirildiâ€¦"
OsmanlT00355092,RT @HAVELSANResmi: #KAPGANğŸ¤« https://t.co/hyleGExmkK
mermibekler,RT @HAVELSANResmi: #KAPGANğŸ¤« https://t.co/hyleGExmkK
MehmetPiskin16,"RT @gooksel: TÃ¼rk torpidolarÄ± milli teknolojiye emanet:
â€¢ @HAVELSANResmi'nin Torpido Test Seti, torpido ve kovan testleri iÃ§in geliÅŸtirildiâ€¦"
MesutCasin,"RT @gooksel: TÃ¼rk torpidolarÄ± milli teknolojiye emanet:
â€¢ @HAVELSANResmi'nin Torpido Test Seti, torpido ve kovan testleri iÃ§in geliÅŸtirildiâ€¦"
UgurKarslioglu,"RT @HAVELSANResmi: MÄ°LGEM Projesi kapsamÄ±nda TÃ¼rk Deniz Kuvvetleri istedi, HAVELSAN Ã¼retti. ğŸ‡¹ğŸ‡· 

Hafif torpidolar ile kovanlarÄ±nÄ±n gerÃ§ek zâ€¦"
awni1976,"RT @HAVELSANResmi: MÄ°LGEM Projesi kapsamÄ±nda TÃ¼rk Deniz Kuvvetleri istedi, HAVELSAN Ã¼retti. ğŸ‡¹ğŸ‡· 

Hafif torpidolar ile kovanlarÄ±nÄ±n gerÃ§ek zâ€¦"
ayhankalic001,RT @tsk_gv: Yeni kamu spotumuz RTÃœK tarafÄ±ndan onaylanmÄ±ÅŸ ve televizyonlarda yayÄ±nlanmaya baÅŸlamÄ±ÅŸtÄ±r. @aselsan @TUSAS_TR @roketsan @HAVELSâ€¦
UCBEYl,"RT @HAVELSANResmi: MÄ°LGEM Projesi kapsamÄ±nda TÃ¼rk Deniz Kuvvetleri istedi, HAVELSAN Ã¼retti. ğŸ‡¹ğŸ‡· 

Hafif torpidolar ile kovanlarÄ±nÄ±n gerÃ§ek zâ€¦"
SBultenleri_tr,"RT @HAVELSANResmi: MÄ°LGEM Projesi kapsamÄ±nda TÃ¼rk Deniz Kuvvetleri istedi, HAVELSAN Ã¼retti. ğŸ‡¹ğŸ‡· 

Hafif torpidolar ile kovanlarÄ±nÄ±n gerÃ§ek zâ€¦"
SBultenleri_tr,RT @HAVELSANResmi: #KAPGANğŸ¤« https://t.co/hyleGExmkK
bayindirrfatih,@HAVELSANResmi TOP GUN!!!
Trk1041,RT @HAVELSANResmi: #KAPGANğŸ¤« https://t.co/hyleGExmkK
Merve82012480,RT @HAVELSANResmi: #KAPGANğŸ¤« https://t.co/hyleGExmkK
kaucuk0907,RT @HAVELSANResmi: #KAPGANğŸ¤« https://t.co/hyleGExmkK
yer617,RT @HAVELSANResmi: #KAPGANğŸ¤« https://t.co/hyleGExmkK
bilalmeliksah16,"RT @HAVELSANResmi: MÄ°LGEM Projesi kapsamÄ±nda TÃ¼rk Deniz Kuvvetleri istedi, HAVELSAN Ã¼retti. ğŸ‡¹ğŸ‡· 

Hafif torpidolar ile kovanlarÄ±nÄ±n gerÃ§ek zâ€¦"
EraydinIlker,"RT @tolgaozbek_com: HAVELSANâ€™Ä±n Torpido Test Setine Ã¶dÃ¼l
https://t.co/Kb52kutP8c @HAVELSANResmi https://t.co/XnnN50moIa"
tolgaozbek_com,"HAVELSANâ€™Ä±n Torpido Test Setine Ã¶dÃ¼l
https://t.co/Kb52kutP8c @HAVELSANResmi https://t.co/XnnN50moIa"
tarihturko,"RT @gooksel: TÃ¼rk torpidolarÄ± milli teknolojiye emanet:
â€¢ @HAVELSANResmi'nin Torpido Test Seti, torpido ve kovan testleri iÃ§in geliÅŸtirildiâ€¦"
sananeki010,"@baltaoff @HAVELSANResmi ABD 50lerde aya cikti. Demekki teknoloji coktan vardi. Ama sizinkiler basortusu ile ugrasiyordu. 

Ne uretiyoru Tusas? Hem Tusasi yani savunma sanayiini kuranda rahmetli Erbakan hoca. Yani o da bizden. Sizlere kalsaydi bolbol Yunan tanrisi heykellerimiz olurdu"
baltaoff,@sananeki010 @HAVELSANResmi TrolsÃ¼n bas git.
baltaoff,"@sananeki010 @HAVELSANResmi Evet tabi Roketsan, Aselsan, TEI, Havelsan, 20 yÄ±l boÅŸ oturmuÅŸlar, dÃ¼nyada teknoloji hiÃ§ geliÅŸmemiÅŸ deÄŸil mi. O mÃ¼hendislerden Akp'ye bir tek oy Ã§Ä±kmaz be. ZamanÄ±nda ben de TUSAÅ'da Ã§alÄ±ÅŸtÄ±m. Ne yaptÄ±larsa Akp Ã¼stÃ¼ne yattÄ±, yetmedi iÅŸlerini elinden alÄ±p kendisi sattÄ± be.. UtanÄ±n!"
tarihturko,"RT @HAVELSANResmi: MÄ°LGEM Projesi kapsamÄ±nda TÃ¼rk Deniz Kuvvetleri istedi, HAVELSAN Ã¼retti. ğŸ‡¹ğŸ‡· 

Hafif torpidolar ile kovanlarÄ±nÄ±n gerÃ§ek zâ€¦"
sananeki010,"@baltaoff @HAVELSANResmi TOGG ne zaman basladi? 6 ay sonra seri uretim basliyacak. 

mÃ¶Ã¶Ã¶Ã¶Ã¶ daha piyade tufegini yeni uretebildin. Kapi kapi dilencilik yapiyordun G3 verin diye"
baltaoff,@sananeki010 @HAVELSANResmi TOGG gibi mi.
sananeki010,"@baltaoff @HAVELSANResmi sizi boyle kazikliyorlardi iste, hep proje ama hayata gecen birsey yok....

1992 de basladi Tusas ama 2016 da ilk defa envantere girebildi. 24 sene....

Hepsi Erdoganin gelmesini beklemis demekki"
baltaoff,"@sananeki010 @HAVELSANResmi SektÃ¶r devi devlet kuruluÅŸu TUSAÅ(TAI) ilk Ä°HA prototipini 1992'de uÃ§urdu.SelÃ§uk kÄ±sa pantolon giyiyordu. 2010'da Anka'yÄ± hangardan Ã§Ä±kardÄ±,tÃ¼m teknoloji TUSAÅ'da olmasÄ±na raÄŸmen 1 milyar dolarlÄ±k 140 hafif Ä°HA iÅŸi 2016'da TUSAÅ'a verilmeyip SelÃ§uk'a aktarÄ±ldÄ±. Devlet zarar etti! https://t.co/ADB5i9gxUq"
sananeki010,@baltaoff @HAVELSANResmi yaprak uretiyordun. Montaj yapiyorduk desen daha dogru olur
baltaoff,"@sananeki010 @HAVELSANResmi 80 seneci troller gelmiÅŸ. Ä°yi dinleyin! Biz 90'larda TUSAÅ'da F-16 Ã¼retiyorduk, siz daha parasÄ±yla F-35 bile alamÄ±yorsunuz. Milletin alÄ±n terini emeÄŸini Abd'ye Ã¼tÃ¼lÃ¼yorsunuz. Ã‡Ã¼nkÃ¼ siz busunuz. O mÃ¼hendislerden ne bir imam hatipli, ne de Akp'ye tek oy Ã§Ä±kar. ğŸ‘Š https://t.co/RK6MQL2XoZ"
baltaoff,"@HAVELSANResmi 80 seneci troller gelmiÅŸ. Ä°yi dinleyin! Biz 90'larda TUSAÅ'da F-16 Ã¼retiyorduk, siz daha parasÄ±yla F-35 bile alamÄ±yorsunuz. Milletin alÄ±n terini emeÄŸini Abd'ye Ã¼tÃ¼lÃ¼yorsunuz. Ã‡Ã¼nkÃ¼ siz busunuz. O mÃ¼hendislerden ne bir imam hatipli ne de Akp'ye tek oy Ã§Ä±kar. https://t.co/NG4YuCfeCV"
CNGZER,"RT @superhaber: ğŸ“ŒÄ°leri teknoloji iÃ§in dev iÅŸbirliÄŸi! Kamu kurumlarÄ± elbirliÄŸiyle metaverse platformu kurulacak

@Merkez_Bankasi @TCSanayi @â€¦"
FTH3479,RT @HAVELSANResmi: #KAPGANğŸ¤« https://t.co/hyleGExmkK
FTH3479,"RT @HAVELSANResmi: ğŸ›©ï¸SÄ±zdÄ±rmazlÄ±ÄŸÄ± ile yaÄŸÄ±ÅŸ ÅŸartlarÄ±na uyum saÄŸlayacak
ğŸ›©ï¸UÃ§uÅŸa uygun olmayan havalarda da uÃ§uÅŸ yapacak
ğŸ›©ï¸Ã‡ok daha uzak mesâ€¦"
_mabet,RT @HAVELSANResmi: #KAPGANğŸ¤« https://t.co/hyleGExmkK
M_Fatih_Aykurt,RT @HAVELSANResmi: #KAPGANğŸ¤« https://t.co/hyleGExmkK
TMMysterious_,@AnkaraAb @AnkaraValiligi @BTKAkademi @AnkaraUni @HAVELSANResmi @ODTUTeknokent @hacettepetech SÄ±nav tarihi ne zaman olarak belirlendi
superhaber,"ğŸ“ŒÄ°leri teknoloji iÃ§in dev iÅŸbirliÄŸi! Kamu kurumlarÄ± elbirliÄŸiyle metaverse platformu kurulacak

@Merkez_Bankasi @TCSanayi @aselsan @HAVELSANResmi @Tubitak @mfatihkacir #Ä°brahimAÃ§ar 

https://t.co/W0TueaPT8U"
ynssy06,"RT @HAVELSANResmi: MÄ°LGEM Projesi kapsamÄ±nda TÃ¼rk Deniz Kuvvetleri istedi, HAVELSAN Ã¼retti. ğŸ‡¹ğŸ‡· 

Hafif torpidolar ile kovanlarÄ±nÄ±n gerÃ§ek zâ€¦"
oncevatan2300,"RT @gooksel: TÃ¼rk torpidolarÄ± milli teknolojiye emanet:
â€¢ @HAVELSANResmi'nin Torpido Test Seti, torpido ve kovan testleri iÃ§in geliÅŸtirildiâ€¦"
ismails82863390,RT @HAVELSANResmi: #KAPGANğŸ¤« https://t.co/hyleGExmkK
enescik2014,"RT @gooksel: TÃ¼rk torpidolarÄ± milli teknolojiye emanet:
â€¢ @HAVELSANResmi'nin Torpido Test Seti, torpido ve kovan testleri iÃ§in geliÅŸtirildiâ€¦"
ssozcelik,RT @HAVELSANResmi: #KAPGANğŸ¤« https://t.co/hyleGExmkK
La1entFerhan,RT @HAVELSANResmi: #KAPGANğŸ¤« https://t.co/hyleGExmkK
Ykucukpzr,RT @HAVELSANResmi: #KAPGANğŸ¤« https://t.co/hyleGExmkK
Mustafaonart1,RT @HAVELSANResmi: #KAPGANğŸ¤« https://t.co/hyleGExmkK
Ykucukpzr,"RT @HAVELSANResmi: MÄ°LGEM Projesi kapsamÄ±nda TÃ¼rk Deniz Kuvvetleri istedi, HAVELSAN Ã¼retti. ğŸ‡¹ğŸ‡· 

Hafif torpidolar ile kovanlarÄ±nÄ±n gerÃ§ek zâ€¦"
M_OZHAN_1905,RT @HAVELSANResmi: #KAPGANğŸ¤« https://t.co/hyleGExmkK
Ykucukpzr,"RT @HAVELSANResmi: ğŸ›©ï¸SÄ±zdÄ±rmazlÄ±ÄŸÄ± ile yaÄŸÄ±ÅŸ ÅŸartlarÄ±na uyum saÄŸlayacak
ğŸ›©ï¸UÃ§uÅŸa uygun olmayan havalarda da uÃ§uÅŸ yapacak
ğŸ›©ï¸Ã‡ok daha uzak mesâ€¦"
DEMRADAM7,RT @HAVELSANResmi: #KAPGANğŸ¤« https://t.co/hyleGExmkK
Baybars_1223,RT @HAVELSANResmi: #KAPGANğŸ¤« https://t.co/hyleGExmkK
Suleyman_2023,RT @HAVELSANResmi: #KAPGANğŸ¤« https://t.co/hyleGExmkK
ylcsrk,"RT @gooksel: TÃ¼rk torpidolarÄ± milli teknolojiye emanet:
â€¢ @HAVELSANResmi'nin Torpido Test Seti, torpido ve kovan testleri iÃ§in geliÅŸtirildiâ€¦"
cuntasavar6016,"RT @HAVELSANResmi: MÄ°LGEM Projesi kapsamÄ±nda TÃ¼rk Deniz Kuvvetleri istedi, HAVELSAN Ã¼retti. ğŸ‡¹ğŸ‡· 

Hafif torpidolar ile kovanlarÄ±nÄ±n gerÃ§ek zâ€¦"
Derindusunce68,"RT @HAVELSANResmi: MÄ°LGEM Projesi kapsamÄ±nda TÃ¼rk Deniz Kuvvetleri istedi, HAVELSAN Ã¼retti. ğŸ‡¹ğŸ‡· 

Hafif torpidolar ile kovanlarÄ±nÄ±n gerÃ§ek zâ€¦"
TaptukEmre8,"RT @HAVELSANResmi: MÄ°LGEM Projesi kapsamÄ±nda TÃ¼rk Deniz Kuvvetleri istedi, HAVELSAN Ã¼retti. ğŸ‡¹ğŸ‡· 

Hafif torpidolar ile kovanlarÄ±nÄ±n gerÃ§ek zâ€¦"
serkanoner,"RT @gooksel: TÃ¼rk torpidolarÄ± milli teknolojiye emanet:
â€¢ @HAVELSANResmi'nin Torpido Test Seti, torpido ve kovan testleri iÃ§in geliÅŸtirildiâ€¦"
mhts61,RT @HAVELSANResmi: #KAPGANğŸ¤« https://t.co/hyleGExmkK
ALPAGU_DUMRUL,"RT @HAVELSANResmi: MÄ°LGEM Projesi kapsamÄ±nda TÃ¼rk Deniz Kuvvetleri istedi, HAVELSAN Ã¼retti. ğŸ‡¹ğŸ‡· 

Hafif torpidolar ile kovanlarÄ±nÄ±n gerÃ§ek zâ€¦"
burssasspor,"RT @gooksel: TÃ¼rk torpidolarÄ± milli teknolojiye emanet:
â€¢ @HAVELSANResmi'nin Torpido Test Seti, torpido ve kovan testleri iÃ§in geliÅŸtirildiâ€¦"
enginemin05,"RT @HAVELSANResmi: MÄ°LGEM Projesi kapsamÄ±nda TÃ¼rk Deniz Kuvvetleri istedi, HAVELSAN Ã¼retti. ğŸ‡¹ğŸ‡· 

Hafif torpidolar ile kovanlarÄ±nÄ±n gerÃ§ek zâ€¦"
dobra_ci,"RT @gooksel: TÃ¼rk torpidolarÄ± milli teknolojiye emanet:
â€¢ @HAVELSANResmi'nin Torpido Test Seti, torpido ve kovan testleri iÃ§in geliÅŸtirildiâ€¦"
hekmek27,"RT @HAVELSANResmi: MÄ°LGEM Projesi kapsamÄ±nda TÃ¼rk Deniz Kuvvetleri istedi, HAVELSAN Ã¼retti. ğŸ‡¹ğŸ‡· 

Hafif torpidolar ile kovanlarÄ±nÄ±n gerÃ§ek zâ€¦"
mvltygt,"RT @HAVELSANResmi: MÄ°LGEM Projesi kapsamÄ±nda TÃ¼rk Deniz Kuvvetleri istedi, HAVELSAN Ã¼retti. ğŸ‡¹ğŸ‡· 

Hafif torpidolar ile kovanlarÄ±nÄ±n gerÃ§ek zâ€¦"
1eskiesnaf,"RT @HAVELSANResmi: MÄ°LGEM Projesi kapsamÄ±nda TÃ¼rk Deniz Kuvvetleri istedi, HAVELSAN Ã¼retti. ğŸ‡¹ğŸ‡· 

Hafif torpidolar ile kovanlarÄ±nÄ±n gerÃ§ek zâ€¦"
tikkatrivriv,"RT @gooksel: TÃ¼rk torpidolarÄ± milli teknolojiye emanet:
â€¢ @HAVELSANResmi'nin Torpido Test Seti, torpido ve kovan testleri iÃ§in geliÅŸtirildiâ€¦"
Esref_1981,"RT @gooksel: TÃ¼rk torpidolarÄ± milli teknolojiye emanet:
â€¢ @HAVELSANResmi'nin Torpido Test Seti, torpido ve kovan testleri iÃ§in geliÅŸtirildiâ€¦"
MadeinTurkey23,"RT @gooksel: Savunmadan Ã§Ä±kan yetenekle toplu taÅŸÄ±ma akÄ±llanacak:
â€¢ @HAVELSANResmi ve @ankarabbld projesiyle gÃ¶rÃ¼ntÃ¼ iÅŸleme teknikleri kullâ€¦"
MadeinTurkey23,"RT @gooksel: Kamuda ""Diyalog"" dÃ¶nemi:
â€¢ @HAVELSANResmi tarafÄ±ndan geliÅŸtirilen ve kamuda kullanÄ±mÄ± yaygÄ±nlaÅŸtÄ±rÄ±lan milli video konferans sâ€¦"
MadeinTurkey23,"RT @gooksel: TÃ¼rk torpidolarÄ± milli teknolojiye emanet:
â€¢ @HAVELSANResmi'nin Torpido Test Seti, torpido ve kovan testleri iÃ§in geliÅŸtirildiâ€¦"
YAYLAERDEM,"RT @HAVELSANResmi: MÄ°LGEM Projesi kapsamÄ±nda TÃ¼rk Deniz Kuvvetleri istedi, HAVELSAN Ã¼retti. ğŸ‡¹ğŸ‡· 

Hafif torpidolar ile kovanlarÄ±nÄ±n gerÃ§ek zâ€¦"
YAYLAERDEM,"RT @gooksel: TÃ¼rk torpidolarÄ± milli teknolojiye emanet:
â€¢ @HAVELSANResmi'nin Torpido Test Seti, torpido ve kovan testleri iÃ§in geliÅŸtirildiâ€¦"
ERCANVAR,"RT @gooksel: TÃ¼rk torpidolarÄ± milli teknolojiye emanet:
â€¢ @HAVELSANResmi'nin Torpido Test Seti, torpido ve kovan testleri iÃ§in geliÅŸtirildiâ€¦"
IlhanIlhanoglu,"RT @gooksel: TÃ¼rk torpidolarÄ± milli teknolojiye emanet:
â€¢ @HAVELSANResmi'nin Torpido Test Seti, torpido ve kovan testleri iÃ§in geliÅŸtirildiâ€¦"
savunmaisleri,"ğŸ“¸ Torpido Test Set'i su Ã¼stÃ¼ askeri platformlarda kullanÄ±lan hafif torpidolarÄ±n (Lightweight Torpedo) ve bu torpidolarÄ±n yer aldÄ±ÄŸÄ± kovanlarÄ±n gerÃ§ek zamanlÄ± benzetimi iÃ§in @HAVELSANResmi tarafÄ±ndan tasarlanÄ±p Ã¼retiliyor.
ğŸ“¸ https://t.co/EzE4K90EkI"
TaskGurol,RT @HAVELSANResmi: #KAPGANğŸ¤« https://t.co/hyleGExmkK
AkostaKerami,"RT @gooksel: TÃ¼rk torpidolarÄ± milli teknolojiye emanet:
â€¢ @HAVELSANResmi'nin Torpido Test Seti, torpido ve kovan testleri iÃ§in geliÅŸtirildiâ€¦"
aydintasoglu73,"RT @gooksel: TÃ¼rk torpidolarÄ± milli teknolojiye emanet:
â€¢ @HAVELSANResmi'nin Torpido Test Seti, torpido ve kovan testleri iÃ§in geliÅŸtirildiâ€¦"
secgin001,RT @HAVELSANResmi: #KAPGANğŸ¤« https://t.co/hyleGExmkK
Yasin_in70,"RT @gooksel: TÃ¼rk torpidolarÄ± milli teknolojiye emanet:
â€¢ @HAVELSANResmi'nin Torpido Test Seti, torpido ve kovan testleri iÃ§in geliÅŸtirildiâ€¦"
muratozutok01,@HAVELSANResmi ğŸ‡¹ğŸ‡·HayÄ±rlÄ± olsun ğŸ‡¹ğŸ‡·
osmanmalkoc45,"RT @HAVELSANResmi: MÄ°LGEM Projesi kapsamÄ±nda TÃ¼rk Deniz Kuvvetleri istedi, HAVELSAN Ã¼retti. ğŸ‡¹ğŸ‡· 

Hafif torpidolar ile kovanlarÄ±nÄ±n gerÃ§ek zâ€¦"
gooksel,"RT @gooksel: TÃ¼rk torpidolarÄ± milli teknolojiye emanet:
â€¢ @HAVELSANResmi'nin Torpido Test Seti, torpido ve kovan testleri iÃ§in geliÅŸtirildiâ€¦"
metekavak11,"RT @gooksel: TÃ¼rk torpidolarÄ± milli teknolojiye emanet:
â€¢ @HAVELSANResmi'nin Torpido Test Seti, torpido ve kovan testleri iÃ§in geliÅŸtirildiâ€¦"
alprcn1974,"RT @gooksel: TÃ¼rk torpidolarÄ± milli teknolojiye emanet:
â€¢ @HAVELSANResmi'nin Torpido Test Seti, torpido ve kovan testleri iÃ§in geliÅŸtirildiâ€¦"
mahmut_tufan1,"RT @HAVELSANResmi: MÄ°LGEM Projesi kapsamÄ±nda TÃ¼rk Deniz Kuvvetleri istedi, HAVELSAN Ã¼retti. ğŸ‡¹ğŸ‡· 

Hafif torpidolar ile kovanlarÄ±nÄ±n gerÃ§ek zâ€¦"
AY_BkCaN,"RT @HAVELSANResmi: MÄ°LGEM Projesi kapsamÄ±nda TÃ¼rk Deniz Kuvvetleri istedi, HAVELSAN Ã¼retti. ğŸ‡¹ğŸ‡· 

Hafif torpidolar ile kovanlarÄ±nÄ±n gerÃ§ek zâ€¦"
Korhan19414483,"@SavunmaSanayii
@IsmailDemirSSB
@aselsan
@roketsan
@HAVELSANResmi
Ã‡ok Ã§ok Ã§ooook ACÄ°L
BaÅŸta uzun menzil olmak Ã¼zere  KATMANLI HAVA
SAVUNMA SÄ°STEMLERÄ°NE
sahip olmalÄ±yÄ±z Ã§ok ACÄ°L

TÃœRKÄ°YE'miz
SURÄ°YE,
IRAK, GKRY ve YUNANÄ°STANDAN Ã‡evreleniyor

gece gÃ¼ndÃ¼z uyumadan
Teknoloji  ÃœRETÄ°MÄ°"
GNCTRK68,"RT @gooksel: TÃ¼rk torpidolarÄ± milli teknolojiye emanet:
â€¢ @HAVELSANResmi'nin Torpido Test Seti, torpido ve kovan testleri iÃ§in geliÅŸtirildiâ€¦"
emirserkan_,"RT @HAVELSANResmi: MÄ°LGEM Projesi kapsamÄ±nda TÃ¼rk Deniz Kuvvetleri istedi, HAVELSAN Ã¼retti. ğŸ‡¹ğŸ‡· 

Hafif torpidolar ile kovanlarÄ±nÄ±n gerÃ§ek zâ€¦"
YCevahirogl,RT @mavivatannet: KAPGAN'da 30 mmâ€™lik top yer alacaÄŸÄ± dÃ¼ÅŸÃ¼nÃ¼lÃ¼yor. Sahip olacaÄŸÄ± Ã¶zellikler ile meskun alanlarda gerÃ§ekleÅŸtirilecek operasyâ€¦
seluk05181705,"RT @HAVELSANResmi: MÄ°LGEM Projesi kapsamÄ±nda TÃ¼rk Deniz Kuvvetleri istedi, HAVELSAN Ã¼retti. ğŸ‡¹ğŸ‡· 

Hafif torpidolar ile kovanlarÄ±nÄ±n gerÃ§ek zâ€¦"
Gokboru717,"RT @HAVELSANResmi: MÄ°LGEM Projesi kapsamÄ±nda TÃ¼rk Deniz Kuvvetleri istedi, HAVELSAN Ã¼retti. ğŸ‡¹ğŸ‡· 

Hafif torpidolar ile kovanlarÄ±nÄ±n gerÃ§ek zâ€¦"
halittasgines,"RT @HAVELSANResmi: MÄ°LGEM Projesi kapsamÄ±nda TÃ¼rk Deniz Kuvvetleri istedi, HAVELSAN Ã¼retti. ğŸ‡¹ğŸ‡· 

Hafif torpidolar ile kovanlarÄ±nÄ±n gerÃ§ek zâ€¦"
odtu_sst,"RT @HAVELSANResmi: MÄ°LGEM Projesi kapsamÄ±nda TÃ¼rk Deniz Kuvvetleri istedi, HAVELSAN Ã¼retti. ğŸ‡¹ğŸ‡· 

Hafif torpidolar ile kovanlarÄ±nÄ±n gerÃ§ek zâ€¦"
AhmetTarik6,"RT @HAVELSANResmi: MÄ°LGEM Projesi kapsamÄ±nda TÃ¼rk Deniz Kuvvetleri istedi, HAVELSAN Ã¼retti. ğŸ‡¹ğŸ‡· 

Hafif torpidolar ile kovanlarÄ±nÄ±n gerÃ§ek zâ€¦"
CanbulatP,"RT @HAVELSANResmi: MÄ°LGEM Projesi kapsamÄ±nda TÃ¼rk Deniz Kuvvetleri istedi, HAVELSAN Ã¼retti. ğŸ‡¹ğŸ‡· 

Hafif torpidolar ile kovanlarÄ±nÄ±n gerÃ§ek zâ€¦"
TarikBuke,"RT @HAVELSANResmi: MÄ°LGEM Projesi kapsamÄ±nda TÃ¼rk Deniz Kuvvetleri istedi, HAVELSAN Ã¼retti. ğŸ‡¹ğŸ‡· 

Hafif torpidolar ile kovanlarÄ±nÄ±n gerÃ§ek zâ€¦"
Yenidendrl,"RT @HAVELSANResmi: MÄ°LGEM Projesi kapsamÄ±nda TÃ¼rk Deniz Kuvvetleri istedi, HAVELSAN Ã¼retti. ğŸ‡¹ğŸ‡· 

Hafif torpidolar ile kovanlarÄ±nÄ±n gerÃ§ek zâ€¦"
manacar1,"RT @HAVELSANResmi: MÄ°LGEM Projesi kapsamÄ±nda TÃ¼rk Deniz Kuvvetleri istedi, HAVELSAN Ã¼retti. ğŸ‡¹ğŸ‡· 

Hafif torpidolar ile kovanlarÄ±nÄ±n gerÃ§ek zâ€¦"
B_Celik_1974,"RT @HAVELSANResmi: MÄ°LGEM Projesi kapsamÄ±nda TÃ¼rk Deniz Kuvvetleri istedi, HAVELSAN Ã¼retti. ğŸ‡¹ğŸ‡· 

Hafif torpidolar ile kovanlarÄ±nÄ±n gerÃ§ek zâ€¦"
serha_td,"RT @HAVELSANResmi: MÄ°LGEM Projesi kapsamÄ±nda TÃ¼rk Deniz Kuvvetleri istedi, HAVELSAN Ã¼retti. ğŸ‡¹ğŸ‡· 

Hafif torpidolar ile kovanlarÄ±nÄ±n gerÃ§ek zâ€¦"
tolgaozbek_com,"RT @HAVELSANResmi: MÄ°LGEM Projesi kapsamÄ±nda TÃ¼rk Deniz Kuvvetleri istedi, HAVELSAN Ã¼retti. ğŸ‡¹ğŸ‡· 

Hafif torpidolar ile kovanlarÄ±nÄ±n gerÃ§ek zâ€¦"
berrychamkuri,"RT @HAVELSANResmi: MÄ°LGEM Projesi kapsamÄ±nda TÃ¼rk Deniz Kuvvetleri istedi, HAVELSAN Ã¼retti. ğŸ‡¹ğŸ‡· 

Hafif torpidolar ile kovanlarÄ±nÄ±n gerÃ§ek zâ€¦"
HasanUZN_TR,"RT @HAVELSANResmi: MÄ°LGEM Projesi kapsamÄ±nda TÃ¼rk Deniz Kuvvetleri istedi, HAVELSAN Ã¼retti. ğŸ‡¹ğŸ‡· 

Hafif torpidolar ile kovanlarÄ±nÄ±n gerÃ§ek zâ€¦"
_siyez,"RT @HAVELSANResmi: MÄ°LGEM Projesi kapsamÄ±nda TÃ¼rk Deniz Kuvvetleri istedi, HAVELSAN Ã¼retti. ğŸ‡¹ğŸ‡· 

Hafif torpidolar ile kovanlarÄ±nÄ±n gerÃ§ek zâ€¦"
manacar1,"RT @gooksel: TÃ¼rk torpidolarÄ± milli teknolojiye emanet:
â€¢ @HAVELSANResmi'nin Torpido Test Seti, torpido ve kovan testleri iÃ§in geliÅŸtirildiâ€¦"
KdirKhrmn,"RT @gooksel: TÃ¼rk torpidolarÄ± milli teknolojiye emanet:
â€¢ @HAVELSANResmi'nin Torpido Test Seti, torpido ve kovan testleri iÃ§in geliÅŸtirildiâ€¦"
yksel_gne,"RT @HAVELSANResmi: MÄ°LGEM Projesi kapsamÄ±nda TÃ¼rk Deniz Kuvvetleri istedi, HAVELSAN Ã¼retti. ğŸ‡¹ğŸ‡· 

Hafif torpidolar ile kovanlarÄ±nÄ±n gerÃ§ek zâ€¦"
asgdfadsfhgsdfh,"RT @HAVELSANResmi: MÄ°LGEM Projesi kapsamÄ±nda TÃ¼rk Deniz Kuvvetleri istedi, HAVELSAN Ã¼retti. ğŸ‡¹ğŸ‡· 

Hafif torpidolar ile kovanlarÄ±nÄ±n gerÃ§ek zâ€¦"
aydintasoglu73,"RT @HAVELSANResmi: MÄ°LGEM Projesi kapsamÄ±nda TÃ¼rk Deniz Kuvvetleri istedi, HAVELSAN Ã¼retti. ğŸ‡¹ğŸ‡· 

Hafif torpidolar ile kovanlarÄ±nÄ±n gerÃ§ek zâ€¦"
YavuzSe56601458,"RT @HAVELSANResmi: MÄ°LGEM Projesi kapsamÄ±nda TÃ¼rk Deniz Kuvvetleri istedi, HAVELSAN Ã¼retti. ğŸ‡¹ğŸ‡· 

Hafif torpidolar ile kovanlarÄ±nÄ±n gerÃ§ek zâ€¦"
analyzman,"RT @gooksel: TÃ¼rk torpidolarÄ± milli teknolojiye emanet:
â€¢ @HAVELSANResmi'nin Torpido Test Seti, torpido ve kovan testleri iÃ§in geliÅŸtirildiâ€¦"
Derindusunce68,"RT @gooksel: TÃ¼rk torpidolarÄ± milli teknolojiye emanet:
â€¢ @HAVELSANResmi'nin Torpido Test Seti, torpido ve kovan testleri iÃ§in geliÅŸtirildiâ€¦"
ertugrul_nefi,"RT @HAVELSANResmi: MÄ°LGEM Projesi kapsamÄ±nda TÃ¼rk Deniz Kuvvetleri istedi, HAVELSAN Ã¼retti. ğŸ‡¹ğŸ‡· 

Hafif torpidolar ile kovanlarÄ±nÄ±n gerÃ§ek zâ€¦"
AlpErTunga1021,"RT @HAVELSANResmi: MÄ°LGEM Projesi kapsamÄ±nda TÃ¼rk Deniz Kuvvetleri istedi, HAVELSAN Ã¼retti. ğŸ‡¹ğŸ‡· 

Hafif torpidolar ile kovanlarÄ±nÄ±n gerÃ§ek zâ€¦"
HakanKl57963737,"RT @HAVELSANResmi: MÄ°LGEM Projesi kapsamÄ±nda TÃ¼rk Deniz Kuvvetleri istedi, HAVELSAN Ã¼retti. ğŸ‡¹ğŸ‡· 

Hafif torpidolar ile kovanlarÄ±nÄ±n gerÃ§ek zâ€¦"
osmance24689,"RT @HAVELSANResmi: MÄ°LGEM Projesi kapsamÄ±nda TÃ¼rk Deniz Kuvvetleri istedi, HAVELSAN Ã¼retti. ğŸ‡¹ğŸ‡· 

Hafif torpidolar ile kovanlarÄ±nÄ±n gerÃ§ek zâ€¦"
mustafaturker72,"RT @HAVELSANResmi: MÄ°LGEM Projesi kapsamÄ±nda TÃ¼rk Deniz Kuvvetleri istedi, HAVELSAN Ã¼retti. ğŸ‡¹ğŸ‡· 

Hafif torpidolar ile kovanlarÄ±nÄ±n gerÃ§ek zâ€¦"
TayfunAlvr,"RT @HAVELSANResmi: MÄ°LGEM Projesi kapsamÄ±nda TÃ¼rk Deniz Kuvvetleri istedi, HAVELSAN Ã¼retti. ğŸ‡¹ğŸ‡· 

Hafif torpidolar ile kovanlarÄ±nÄ±n gerÃ§ek zâ€¦"
Tugra7555Tunc,"RT @HAVELSANResmi: MÄ°LGEM Projesi kapsamÄ±nda TÃ¼rk Deniz Kuvvetleri istedi, HAVELSAN Ã¼retti. ğŸ‡¹ğŸ‡· 

Hafif torpidolar ile kovanlarÄ±nÄ±n gerÃ§ek zâ€¦"
iboli20,"RT @HAVELSANResmi: MÄ°LGEM Projesi kapsamÄ±nda TÃ¼rk Deniz Kuvvetleri istedi, HAVELSAN Ã¼retti. ğŸ‡¹ğŸ‡· 

Hafif torpidolar ile kovanlarÄ±nÄ±n gerÃ§ek zâ€¦"
KotuKadir,"RT @gooksel: TÃ¼rk torpidolarÄ± milli teknolojiye emanet:
â€¢ @HAVELSANResmi'nin Torpido Test Seti, torpido ve kovan testleri iÃ§in geliÅŸtirildiâ€¦"
___AYSE_NURRR__,"RT @HAVELSANResmi: MÄ°LGEM Projesi kapsamÄ±nda TÃ¼rk Deniz Kuvvetleri istedi, HAVELSAN Ã¼retti. ğŸ‡¹ğŸ‡· 

Hafif torpidolar ile kovanlarÄ±nÄ±n gerÃ§ek zâ€¦"
beser_sasar03,"RT @gooksel: TÃ¼rk torpidolarÄ± milli teknolojiye emanet:
â€¢ @HAVELSANResmi'nin Torpido Test Seti, torpido ve kovan testleri iÃ§in geliÅŸtirildiâ€¦"
burakgayretli75,"RT @HAVELSANResmi: MÄ°LGEM Projesi kapsamÄ±nda TÃ¼rk Deniz Kuvvetleri istedi, HAVELSAN Ã¼retti. ğŸ‡¹ğŸ‡· 

Hafif torpidolar ile kovanlarÄ±nÄ±n gerÃ§ek zâ€¦"
pendikcity,"RT @HAVELSANResmi: MÄ°LGEM Projesi kapsamÄ±nda TÃ¼rk Deniz Kuvvetleri istedi, HAVELSAN Ã¼retti. ğŸ‡¹ğŸ‡· 

Hafif torpidolar ile kovanlarÄ±nÄ±n gerÃ§ek zâ€¦"
Akinci__35,"RT @HAVELSANResmi: MÄ°LGEM Projesi kapsamÄ±nda TÃ¼rk Deniz Kuvvetleri istedi, HAVELSAN Ã¼retti. ğŸ‡¹ğŸ‡· 

Hafif torpidolar ile kovanlarÄ±nÄ±n gerÃ§ek zâ€¦"
yvzarslan,"RT @HAVELSANResmi: MÄ°LGEM Projesi kapsamÄ±nda TÃ¼rk Deniz Kuvvetleri istedi, HAVELSAN Ã¼retti. ğŸ‡¹ğŸ‡· 

Hafif torpidolar ile kovanlarÄ±nÄ±n gerÃ§ek zâ€¦"
mhmtcyln19,"RT @gooksel: TÃ¼rk torpidolarÄ± milli teknolojiye emanet:
â€¢ @HAVELSANResmi'nin Torpido Test Seti, torpido ve kovan testleri iÃ§in geliÅŸtirildiâ€¦"
kitapdaolmasa,"RT @gooksel: TÃ¼rk torpidolarÄ± milli teknolojiye emanet:
â€¢ @HAVELSANResmi'nin Torpido Test Seti, torpido ve kovan testleri iÃ§in geliÅŸtirildiâ€¦"
VKLKNN,"RT @gooksel: TÃ¼rk torpidolarÄ± milli teknolojiye emanet:
â€¢ @HAVELSANResmi'nin Torpido Test Seti, torpido ve kovan testleri iÃ§in geliÅŸtirildiâ€¦"
mustafaturker72,"RT @gooksel: TÃ¼rk torpidolarÄ± milli teknolojiye emanet:
â€¢ @HAVELSANResmi'nin Torpido Test Seti, torpido ve kovan testleri iÃ§in geliÅŸtirildiâ€¦"
ZekiZekikrgl,"RT @gooksel: TÃ¼rk torpidolarÄ± milli teknolojiye emanet:
â€¢ @HAVELSANResmi'nin Torpido Test Seti, torpido ve kovan testleri iÃ§in geliÅŸtirildiâ€¦"
SHAK00434538,"RT @gooksel: TÃ¼rk torpidolarÄ± milli teknolojiye emanet:
â€¢ @HAVELSANResmi'nin Torpido Test Seti, torpido ve kovan testleri iÃ§in geliÅŸtirildiâ€¦"
DarkMan89634543,"RT @gooksel: TÃ¼rk torpidolarÄ± milli teknolojiye emanet:
â€¢ @HAVELSANResmi'nin Torpido Test Seti, torpido ve kovan testleri iÃ§in geliÅŸtirildiâ€¦"
Celal,"RT @gooksel: TÃ¼rk torpidolarÄ± milli teknolojiye emanet:
â€¢ @HAVELSANResmi'nin Torpido Test Seti, torpido ve kovan testleri iÃ§in geliÅŸtirildiâ€¦"
SavunmaGuncesi,"RT @gooksel: TÃ¼rk torpidolarÄ± milli teknolojiye emanet:
â€¢ @HAVELSANResmi'nin Torpido Test Seti, torpido ve kovan testleri iÃ§in geliÅŸtirildiâ€¦"
cemsahbaz,"RT @gooksel: TÃ¼rk torpidolarÄ± milli teknolojiye emanet:
â€¢ @HAVELSANResmi'nin Torpido Test Seti, torpido ve kovan testleri iÃ§in geliÅŸtirildiâ€¦"
AhmetTarik6,"RT @gooksel: TÃ¼rk torpidolarÄ± milli teknolojiye emanet:
â€¢ @HAVELSANResmi'nin Torpido Test Seti, torpido ve kovan testleri iÃ§in geliÅŸtirildiâ€¦"
TayfunAlvr,"RT @gooksel: TÃ¼rk torpidolarÄ± milli teknolojiye emanet:
â€¢ @HAVELSANResmi'nin Torpido Test Seti, torpido ve kovan testleri iÃ§in geliÅŸtirildiâ€¦"
yanlizkurt2061,"RT @gooksel: TÃ¼rk torpidolarÄ± milli teknolojiye emanet:
â€¢ @HAVELSANResmi'nin Torpido Test Seti, torpido ve kovan testleri iÃ§in geliÅŸtirildiâ€¦"
CMuratMollaoglu,"RT @gooksel: TÃ¼rk torpidolarÄ± milli teknolojiye emanet:
â€¢ @HAVELSANResmi'nin Torpido Test Seti, torpido ve kovan testleri iÃ§in geliÅŸtirildiâ€¦"
alivelideli321,"RT @gooksel: TÃ¼rk torpidolarÄ± milli teknolojiye emanet:
â€¢ @HAVELSANResmi'nin Torpido Test Seti, torpido ve kovan testleri iÃ§in geliÅŸtirildiâ€¦"
gooksel,"TÃ¼rk torpidolarÄ± milli teknolojiye emanet:
â€¢ @HAVELSANResmi'nin Torpido Test Seti, torpido ve kovan testleri iÃ§in geliÅŸtirildi
â€¢ Patent baÅŸvurusu yapÄ±ldÄ±, YenilikÃ§i ÃœrÃ¼n Ã¶dÃ¼lÃ¼ getirdi
â€¢ MÄ°LGEM 5 teslimatÄ± yapÄ±ldÄ±
â€¢ Ä°hracat gÃ¶rÃ¼ÅŸmeleri yÃ¼rÃ¼tÃ¼lÃ¼yor
https://t.co/rRlolQq3DG https://t.co/lhZuLBzlWn"
CokluOmer,"RT @AnkaraAb: BÄ°LGÄ°LENDÄ°RME
Algoritm Ankara Projesi Ã–ÄŸrenci SeÃ§me EtkinliÄŸi BaÅŸvuru SÃ¼resi UzatÄ±ldÄ±.
16 Ekim 2022 tarihine kadar baÅŸvuru alâ€¦"
arifbalci48,@baltaoff @HAVELSANResmi Yaparsa akparti yapar siz kapatÄ±rsanÄ±z
serkansavas_,"RT @AnkaraAb: BÄ°LGÄ°LENDÄ°RME
Algoritm Ankara Projesi Ã–ÄŸrenci SeÃ§me EtkinliÄŸi BaÅŸvuru SÃ¼resi UzatÄ±ldÄ±.
16 Ekim 2022 tarihine kadar baÅŸvuru alâ€¦"
AnkaraAb,"BÄ°LGÄ°LENDÄ°RME
Algoritm Ankara Projesi Ã–ÄŸrenci SeÃ§me EtkinliÄŸi BaÅŸvuru SÃ¼resi UzatÄ±ldÄ±.
16 Ekim 2022 tarihine kadar baÅŸvuru almaya devam ediyoruz.
DetaylÄ± Bilgi Ä°Ã§in
https://t.co/swW2yeMGnG

@AnkaraValiligi 
@BTKAkademi 
@AnkaraUni 
@HAVELSANResmi 
@ODTUTeknokent 
@hacettepetech https://t.co/Ogw4u7EYqk"
FMortug,RT @HAVELSANResmi: Aziz Milletimizin ve tÃ¼m Ä°slÃ¢m aleminin #MevlidKandili mÃ¼barek olsun. #HAVELSAN https://t.co/CN4p85NAPU
